ID;SortName;Period;Signal;Pilote;Min;Max;Unite;ValuesDescr
0009;DIAG_ETAT_SCB_D_LIN4;0;RESERVE_16;;0;0;;
0010;DIAG_ETAT_SPB_D_LIN4;0;RESERVE_16;;0;0;;
0012;DIAG_ETAT_SPB_P_LIN4;0;RESERVE_16;;0;0;;
0019;DIAG_CDE_TOV_LIN4;0;RESERVE_16;;0;0;;
0020;DIAG_ETAT_BRNC_AVD_LIN4;0;RESERVE_8;;0;0;;
0021;DIAG_ETAT_BRNC_AVG_LIN4;0;RESERVE_8;;0;0;;
0022;DIAG_INST_HS1;0;RESERVE_64;;0;0;;
0024;DIAG_EVT_DEFAUT_TOV_LIN4;0;RESERVE_64;;0;0;;
0041;DIAG_CDE_SIEGES_LIN4;0;RESERVE_64;;0;0;;
0041;DIAG_CDE_SIEGES_LIN4;0;DATA_DIAG;;0;0;;
0042;DIAG_ETAT_TOV_LIN4;0;RESERVE_64;;0;0;;
0049;DIAG_EVT_DEFAUT_SCB_D_LIN4;0;RESERVE_32;;0;0;;
0078;DIAG_INST_HS1;0;RESERVE_64;;0;0;;
0114;DIAG_INST_HS1;0;RESERVE_64;;0;0;;
0173;DIAG_INST_HS1;0;RESERVE_64;;0;0;;
0224;DIAG_INST_HS1;0;RESERVE_64;;0;0;;
0253;DIAG_INST_HS1;0;CONS_SOUL_THERM_COMP;;0;0;;"1 ""demande II request"" 0 ""pas de demande II no request""; "
0253;DIAG_INST_HS1;0;TYPAGE_U_SEEM;;0;0;;"3 ""invalide II invalid"" 2 ""type 3 II 3 type"" 1 ""type 2 II 2 type"" 0 ""type 1 II 1 type""; "
0253;DIAG_INST_HS1;0;POS_MEAP_SOFT;;0;0;;"1 ""Ferme II Closed"" 0 ""Ouvert II Opened""; "
0253;DIAG_INST_HS1;0;CMD_MEAP;;0;0;;"3 ""Referencement II Reference"" 2 ""Fermeture II closing"" 1 ""ouverture II opening"" 0 ""aucun mouvement II not motion""; "
0253;DIAG_INST_HS1;0;PREPA_AR_EN_COURS;;0;0;;"3 ""Reserve II Reserved"" 2 ""Preparation redemarrage en cours II Restart preparation in process"" 1 ""Pas de preparation redemarrage en cours II No restart preparation in process"" 0 ""Reserve II Reserved""; "
0253;DIAG_INST_HS1;0;CPT_NBR_REDEM;;0;3276750;;
0253;DIAG_INST_HS1;0;DDE_TENS_MIN_GMV;;0;0;;"1 ""demande II request"" 0 ""pas de demande II no request""; "
0253;DIAG_INST_HS1;0;DDE_BOOST_SCR_INJ;;0;0;;"1 ""Boost II Boost"" 0 ""Pas de Boost II No Boost""; "
0253;DIAG_INST_HS1;0;DDE_BOOST_SCR_DEGEL;;0;0;;"1 ""Pas de Boost II No Boost"" 0 ""Boost II Boost""; "
0253;DIAG_INST_HS1;0;ETAT_DEBIT_AERO;;0;0;;"3 ""invalide II invalid"" 2 ""aero et bypass ou rad ouvert II aero and bypass or rad open"" 1 ""aero ouvert II open aero"" 0 ""aero ferme II closed aero""; "
0253;DIAG_INST_HS1;0;REQ_CHARGE_MOT;;0;0;;"1 ""Requete active II Request"" 0 ""Aucune requete active II No request""; "
0253;DIAG_INST_HS1;0;DEFAUT_CMM;;0;0;;"3 ""Indisponible II Unavailable"" 2 ""Defaut G4 II G4 default"" 1 ""Defaut G3 II G3 default"" 0 ""Pas de defaut II No default""; "
0253;DIAG_INST_HS1;0;TEMP_CARB;;-40;214;"Degree	C";
0253;DIAG_INST_HS1;0;T_CLUTCH_WARN_REQ;;0;0;;"1 ""demande II Request"" 0 ""Pas de demande II No request""; "
0253;DIAG_INST_HS1;0;U_SEEM_REF;;5;16;V;
0253;DIAG_INST_HS1;0;THERM_AC_CUTOFF_REQ;;0;0;;"3 ""reserve II Reserved"" 2 ""Demande de delestage maximum II Maximal AC cut off requested"" 1 ""Demande de delestage intermediaire II Intermediate AC cut off requested"" 0 ""Pas de demande II No request""; "
0253;DIAG_INST_HS1;0;K_U_SEEM;;0;9;mV/A;
0253;DIAG_INST_HS1;0;TEMP_REGUL_EAU_MOT;;-40;214;"Degree	C";
0443;DIAG_INST_HS1;0;REGIME_MOTEUR;;0;0;rpm;
0443;DIAG_INST_HS1;0;COUPLE_REEL;;0;0;N.m;
0443;DIAG_INST_HS1;0;VOLONTE_COND;;0;0;%;
0443;DIAG_INST_HS1;0;AC_OUT;;0;0;;"1 ""Demande enclenchement compresseur II Request to start AC compressor"" 0 ""Compresseur non autorise II AC compressor unauthorized""; "
0443;DIAG_INST_HS1;0;CONTACT_FREIN2;;0;0;;"1 ""Appui sur pedale de frein II Brake pedal pressed"" 0 ""Pedale de frein relachee II Brake pedal released""; "
0443;DIAG_INST_HS1;0;ETAT_RVV_LVV;;0;0;;"3 ""RVV inhibee / LVV inhibee II CC inhibited"" 2 ""RVV active / LVV effective II CC active"" 1 ""Reprise pedale d'accelerateur RVV / Reprise pedale d'accelerateur LVV II CC suspended"" 0 ""RVV en attente / LVV attente - LVV non effective II CC waiting""; "
0443;DIAG_INST_HS1;0;CPLE_MT_INCERTAINS;;0;0;;"1 ""Infos couples non garanties avec la precision requise II Torque informations wiyhout the expected accuracy"" 0 ""Infos couples garanties avec la precision requise II Torque informations accurate""; "
0443;DIAG_INST_HS1;0;FIGEAGE_PERTURB_CPLE;;0;0;;"1 ""Demande de figeage des perturbations du couple moteur II Setting requested"" 0 ""Pas de demande de figeage des pertubations du couple II No setting requested""; "
0443;DIAG_INST_HS1;0;RESERVE_1;;0;0;;
0443;DIAG_INST_HS1;0;DIAG_MUX_ON_PWT;;0;0;;"1 ""Communication diagnostic on II Communication diagnostic on"" 0 ""No communication diagnostic "
0443;DIAG_INST_HS1;0;REQ_CHARGE_MOT;;0;0;;"1 ""Requete active II Request"" 0 ""Aucune requete active II No request""; "
0443;DIAG_INST_HS1;0;CPLE_POT_APR_TRT;;-100;408;N.m;
0443;DIAG_INST_HS1;0;CPLE_REEL_HORS_BV;;-100;408;N.m;
0443;DIAG_INST_HS1;0;CPLE_ANTICIPE;;-100;408;N.m;
0443;DIAG_INST_HS1;0;CPLE_COND_APR_TRT;;-100;408;N.m;
0447;DIAG_INST_HS1;0;RESERVE_64;;0;0;;
0625;DIAG_INST_HS1;0;RESERVE_64;;0;0;;
0715;DIAG_INST_HS1;0;RESERVE_64;;0;0;;
0720;DIAG_INST_HS1;0;RESERVE_64;;0;0;;
0722;DIAG_INST_HS1;0;LIBRE_2;;0;0;;
0722;DIAG_INST_HS1;0;CPT_PROCESS_4B_DAE;;0;15;;
0722;DIAG_INST_HS1;0;CHKSUM_TRME_DYN_DAE;;0;0;;
0722;DIAG_INST_HS1;0;CPLE_VOLANT_OPTMSE;;-10;10;N.m;
0722;DIAG_INST_HS1;0;CAUSE_DESACTIV_CPK;;0;0;;"7 ""Autres defauts II Other faults"" 6 ""Securite thermique DAE II DAE thermal safety catch"" 5 ""Nombre manoeuvre trop important II Manoeuvring number too high"" 4 ""Obstacle a la roue II Obstacle at the wheel"" 3 ""Erreur angulaire trop importante II Angular error too high"" 2 ""Vitesse vehicule trop importante II Vehicle speed too high"" 1 ""Reprise en main conducteur II Pick up driver"" 0 ""Pas d'interruption de pilotage II No control interruption""; "
0722;DIAG_INST_HS1;0;ETAT_DAE_CPK;;0;0;;"3 ""Defaut II Default"" 2 ""Pilotage en cours II Control in progress"" 1 ""Disponible II Available"" 0 ""Indisponible II Unavailable""; "
0722;DIAG_INST_HS1;0;SSP_DAE_DEF;;0;0;;"1 ""Defaillance du couplage II Fault"" 0 ""Pas de defaillance du couplage II No failure""; "
0722;DIAG_INST_HS1;0;ANGLE_COLONNE;;-1630;1630;Degree;
0722;DIAG_INST_HS1;0;VITESSE_COLONNE;;-2000;2000;Degree/s;
0722;DIAG_INST_HS1;0;ETAT_SECU_ANGLE_COL;;0;0;;"1 ""Angle colonne securise II Column angle safe"" 0 ""Angle colonne non securise II Column angle unsafe""; "
0722;DIAG_INST_HS1;0;VIRTUAL_SWS3_EPS_STATE;;0;0;;"7 ""Invalide II Invalid"" 6 ""Reserve II Reserved"" 5 ""Reserve II Reserved"" 4 ""Reserve II Reserved"" 3 ""Offset utilise II Offset used"" 2 ""Autorisation de recherche de l’offset II Offset search authorization"" 1 ""Demande d’initialisation de l’offset II Offset initialization request"" 0 ""Initialisation II Initialization""; "
0726;DIAG_INST_HS1;0;RESERVE_64;;0;0;;
0766;DIAG_INST_HS1;0;RESERVE_64;;0;0;;
0780;DIAG_INST_HS1;0;RESERVE_64;;0;0;;
0829;DIAG_INST_HS1;0;EAU_GAZOLE;;0;0;;"1 ""Presence d eau dans le gazole II Water presence in gasoil"" 0 ""pas d eau dans le gazole II No water in gasoil""; "
0829;DIAG_INST_HS1;0;SOUTIEN_GENE_ELECT;;0;0;;"1 ""Soutien a la generation electrique en cours II Electrical generation support in progress"" 0 ""Pas de soutien a la generation electrique II No electrical generation support""; "
0829;DIAG_INST_HS1;0;ETAT_CMM_DYN;;0;0;;"3 ""Invalide II Invalid"" 2 ""Reserve II Reserved"" 1 ""Mode dynamique II Dynamic mode"" 0 ""Mode normal II Nominal Mode""; "
0829;DIAG_INST_HS1;0;RAP_ENGAGE_CALCULE;;0;0;;"15 ""Invalide II Invalid"" 14 ""Valeur a l'initialisation II Initial value"" 13 ""Reserve II Reserved"" 12 ""Reserve II Reserved"" 11 ""Reserve II Reserved"" 10 ""Reserve II Reserved"" 9 ""Marche arriere II Reverse"" 8 ""Reserve II Reserved"" 7 ""Reserve II Reserved"" 6 ""Rapport : 6 II Transmission range : 6"" 5 ""Rapport : 5 II Transmission range : 5"" 4 ""Rapport : 4 II Transmission range : 4"" 3 ""Rapport : 3 II Transmission range : 3"" 2 ""Rapport : 2 II Transmission range : 2"" 1 ""Rapport : 1 II Transmission range : 1"" 0 ""Debraye ou point mort II Declutched or Clutched+neutral""; "
0829;DIAG_INST_HS1;0;CPLE_COND_AVT_TRT;;-100;408;N.m;
0829;DIAG_INST_HS1;0;PRESSION_REFRI_2;;110;2904;kPa;
0829;DIAG_INST_HS1;0;COUPLE_RESISTANT;;-100;408;N.m;
0829;DIAG_INST_HS1;0;ACQ_ASR_MSR;;0;0;;"1 ""Dialogue correct II Dialog is OK"" 0 ""Probleme de dialogue II Dialog not OK""; "
0829;DIAG_INST_HS1;0;ETAT_CNS_ASR_MSR;;0;0;;"3 ""Aucune action possible II No possible action)"" 2 ""Fonctionnement degrade (couple demande non entierement realisable) II Degraded mode"" 1 ""Moteur gere en boucle ouverte (le couple exact ne peut etre obtenu) II Engine controlled in open loop (dispersion risk)"" 0 ""Fonctionnement normal II Normal mode""; "
0829;DIAG_INST_HS1;0;CONT_EMBR_CMM;;0;0;;"3 ""Contact hors service II Contact out of use"" 2 ""Valeur a l'initialisation II Initial value"" 1 ""Appui sur pedale d'embrayage II Clutch pedal pressed"" 0 ""Pedale d'embrayage relachee II Clutch pedal released""; "
0829;DIAG_INST_HS1;0;CONS_SOUL_PUIS_COMP;;0;0;;"6 ""Compresseur debraye en 50 ms / compresseur debraye en 50 ms II Compressor disengaged in 50ms"" 4 ""Cylindree mini 5% II Capacity min 5%, Compressor torque min/compressor"" 2 ""Cylindree mini 50% II Capacity min 50%, Compressor torque min/compressor disengaged in 1s"" 1 ""Figement du couple preleve par le compresseur II Compressor couple deduct Fixed"" 0 ""Limitation de l'evolution de la cylindree / compresseur embraye II Capacity evolution limitation / Compressor engaged""; "
0829;DIAG_INST_HS1;0;ETAT_MT;;0;0;;"15 ""Invalide II Invalid"" 14 ""Reserve II Reserved"" 13 ""Redemarrage autonome II Autonomous restart"" 12 ""Reserve II Reserved"" 11 ""Reserve II Reserved"" 10 ""Demarrage autonome II Autonomous starting"" 9 ""Reserve II Reserved"" 8 ""Reserve II Reserved"" 7 ""En preparation II Engine preparing"" 6 ""Redemaarage degrade II Degraded go"" 5 ""Redemarrage entraine II Driven restart"" 4 ""Arrete II Stopped"" 3 ""Moteur tournant II Engine running"" 2 ""Demarrage entraine II Starting"" 1 ""Coupe cale II Cut"" 0 ""Verrouille II Locked""; "
0829;DIAG_INST_HS1;0;MODES_DEGRADES_MT;;0;0;;"3 ""Mode degrade moteur thermique II Thermal engine failure mode"" 2 ""Limitation performances moteur thermique - Niveau 2 II Thermal engine limitation - level 2"" 1 ""Limitation performances moteur thermique - Niveau 1 II Thermal engine limitation - level 1"" 0 ""Fonctionnement nominal moteur thermique II Thermal engine normal mode""; "
0829;DIAG_INST_HS1;0;BES_PREP_MOT;;0;0;;"1 ""Preparation du moteur necessaire II Engine preparation needed"" 0 ""Pas de besoin de preparation du moteur II No engine preparation needed""; "
0829;DIAG_INST_HS1;0;PRES_DEF_OBD_SIGNALE_SUR_MIL;;0;0;;"1 ""presence defaut II default present"" 0 ""absence II No default""; "
0829;DIAG_INST_HS1;0;REQ_MIL_FIXE;;0;0;;"1 ""demande allumage fixe MIL II MIL lamp lightning fixed request"" 0 ""pas de demande allumage fixe MIL II No MIL lamp lightning fixed request""; "
0829;DIAG_INST_HS1;0;REQ_MIL_CLNGNT;;0;0;;"1 ""demande clignotement MIL II MIL lamp blinking request"" 0 ""pas de demande clignotement MIL II No MIL lamp blinking request""; "
0829;DIAG_INST_HS1;0;ETAT_REALISATION_WUC;;0;0;;"1 ""Realise II Realised"" 0 ""Non realise II Not realised""; "
0829;DIAG_INST_HS1;0;SYNCHRO_DC_GLOBAL;;0;0;;"1 ""Realise II Realised"" 0 ""Non realise II Not Realised""; "
0829;DIAG_INST_HS1;0;CONTACT_OBD;;0;0;;"1 ""Present II Present"" 0 ""Absent II Not present""; "
0829;DIAG_INST_HS1;0;DELEST_SECU_MOT_NIV2;;0;0;;"1 ""Demande II Requested"" 0 ""Pas de demande II No request""; "
0829;DIAG_INST_HS1;0;ETAT_CONS_APPL_GMV;;0;110;%;
0829;DIAG_INST_HS1;0;AUTORIS_DECOL_BV;;0;0;;"1 ""Decollage optimise BVMP autorise II CMGB fast launching enabled"" 0 ""Pas d'autorisation de decollage optimise BVMP II CMGB fast launching disabled""; "
0829;DIAG_INST_HS1;0;DDE_MODE_BV_MET;;0;0;;"1 ""Demande de mise en temperature II Temperature set up request"" 0 ""Pas de demande de mise en temperature II No temperature set up request""; "
0840;DIAG_INST_HS1;0;RESERVE_64;;0;0;;
0844;DIAG_INST_HS1;0;TYPE_PIL_CPLE_ESP;M;-1;;[0|0];
0844;DIAG_INST_HS1;0;ASR_DECONNECTE;;0;0;;
0844;DIAG_INST_HS1;0;REQ_LAMPE_DEF_ESP;;0;0;;
0844;DIAG_INST_HS1;0;DDE_LOI_BV_VDC;;0;0;;
0844;DIAG_INST_HS1;0;REGUL_ESP;;0;0;;
0844;DIAG_INST_HS1;0;ESP_DECONNECTE;;0;0;;
0844;DIAG_INST_HS1;0;CHGT_RAP_AUTORISE;;0;0;;
0844;DIAG_INST_HS1;0;PREFILL_EN_COURS;;0;0;;
0844;DIAG_INST_HS1;0;FA_ETAT_DECEL;;0;0;;
0844;DIAG_INST_HS1;0;ETAT_ASR_PLUS;;0;0;;
0844;DIAG_INST_HS1;0;CNS_CPLE_STAT_ASR;;-100;400;N.m;
0844;DIAG_INST_HS1;0;CNS_CPLE_DYN_ASR;;-100;400;N.m;
0844;DIAG_INST_HS1;0;CPMT1_CNS_CPLE_MSR;;0;255;"No	Unit";
0844;DIAG_INST_HS1;0;CNS_CPLE_MSR;;-100;400;N.m;
0844;DIAG_INST_HS1;0;CPMT1_CNS_CPLE_STAT_ASR;;0;255;"No	Unit";
0844;DIAG_INST_HS1;0;CPT_PROCESS_4B_ESP;;0;15;;
0844;DIAG_INST_HS1;0;RESERVE_1;;0;0;;
0844;DIAG_INST_HS1;0;ETAT_FNCT_HILL_ASSIST;;0;0;;
0844;DIAG_INST_HS1;0;REGUL_BASR;;0;0;;
0844;DIAG_INST_HS1;0;REGUL_ASR;;0;0;;
0844;DIAG_INST_HS1;0;REGUL_MSR;;0;0;;
0844;DIAG_INST_HS1;0;REGUL_ESP_SEUL;;0;0;;
0844;DIAG_INST_HS1;0;REGUL_AFU;;0;0;;
0844;DIAG_INST_HS1;0;REQ_LAMPE_REGUL_ASR_ESP;;0;0;;
0844;DIAG_INST_HS1;0;PENTE_STATIQUE;;-30;30;%;
0846;DIAG_INST_HS1;0;ASSIETTE_VEHICULE;;-3;3;Degree;
0846;DIAG_INST_HS1;0;DEFAUT_AMVAR;;0;0;;
0846;DIAG_INST_HS1;0;ETAT_AMVAR_DYN;;0;0;;
0849;DIAG_DYN_TBMU;0;CPT_PROCESS_4B_353;;0;15;;
0849;DIAG_DYN_TBMU;0;CHKSUM_TRAME_4B_353;;0;0;;
0849;DIAG_DYN_TBMU;0;HV_BATT_COP_VOLTAGE;;0;500;V;
0849;DIAG_DYN_TBMU;0;LIBRE_3;;0;0;;
0849;DIAG_DYN_TBMU;0;HV_BATT_COP_CURRENT;;-400;400;A;
0849;DIAG_DYN_TBMU;0;LIBRE_3_1;;0;0;;
0859;DIAG_INST_HS1;0;DYN_SLOPE_VALUE;;-30;30;%;
0859;DIAG_INST_HS1;0;ACPK_HYDRAULIC_HOLD;;0;0;;
0859;DIAG_INST_HS1;0;ESC_HYDRAULIC_FAILURE;;0;0;;
0859;DIAG_INST_HS1;0;VMC_STATUS;;0;0;;
0859;DIAG_INST_HS1;0;ETAT_ACC;;0;0;;
0859;DIAG_INST_HS1;0;DYN_SLOPE_ACCURACY;;0;0;;
0859;DIAG_INST_HS1;0;LIBRE_16;;0;0;;
0881;DIAG_INST_HS1;40;VITESSE_VEHICULE_ROUES;;0;0;km/h;
0881;DIAG_INST_HS1;40;DISTANCE_ROUES;;0;0;m;
0881;DIAG_INST_HS1;40;ACCEL_LONGI_ROUES;;-14;6.32;m/s2;
0881;DIAG_INST_HS1;40;CHKSUM_TRME_DYN_UC_FREIN;;0;0;;
0881;DIAG_INST_HS1;40;CPT_PROCESS_4B_38D;;0;0;;
0881;DIAG_INST_HS1;40;VHL_MVT;;0;0;;
0881;DIAG_INST_HS1;40;VVH_INDISP;;0;0;;
0881;DIAG_INST_HS1;40;SENS_ROULAGE;;0;0;;
0881;DIAG_INST_HS1;40;AUTOR_ARRET_HILL_STT;;0;0;;
0881;DIAG_INST_HS1;40;REQ_LAMPE_WARNING;;0;0;;
0881;DIAG_INST_HS1;40;HADC_FAULTY;;0;0;;
0881;DIAG_INST_HS1;40;HADC_STATUS;;0;0;;
0881;DIAG_INST_HS1;40;HADC_SPEED_CONDITION;;0;0;;
0881;DIAG_INST_HS1;40;HADC_CLUTCH_CONDITION;;0;0;;
0882;DIAG_INST_HS1;40;CPT_PROCESS_4B_3AB;;0;15;;
0882;DIAG_INST_HS1;40;CHKSUM_TRME_DYN_3AB;;0;0;;
0882;DIAG_INST_HS1;40;ACPK_REM_DIST_TO_STOP;;0;1023;cm;
0882;DIAG_INST_HS1;40;ACPK_CONTROL_REQ;;0;0;;
0882;DIAG_INST_HS1;40;ACPK_VELOCITY_LIMIT;;0;25.5;;
0882;DIAG_INST_HS1;40;ACPK_EPB_COMMAND;;0;0;;
0882;DIAG_INST_HS1;40;LIBRE_3;;0;0;;
0882;DIAG_INST_HS1;40;ACPK_IMMINENT_MANOEUVRE;;0;0;;
0903;DIAG_INST_HS1;20;VLC_WHEEL_TRQ_CAPA;;-2000;4000;N.m;
0903;DIAG_INST_HS1;20;ESTIM_EFF_FSE_ARG;;0;0;;
0903;DIAG_INST_HS1;20;ESTIM_EFF_FSE_ARD;;0;0;;
0903;DIAG_INST_HS1;20;VLC_WHEEL_TRQ_SET_PT;;-2000;4000;N.m;
0903;DIAG_INST_HS1;20;DDE_SNGL_APP_BOUTON_FSE;;0;0;;
0903;DIAG_INST_HS1;20;DDE_INHI_FNCT_RVV;;0;0;;
0903;DIAG_INST_HS1;20;VLC_CTRL_REQUEST;;0;0;;
0903;DIAG_INST_HS1;20;DDE_SNGL_APPUI_PDLE_FREIN;;0;0;;
0903;DIAG_INST_HS1;20;ETAT_FNCT_FREIN_STATION;;0;0;;
0903;DIAG_INST_HS1;20;ETAT_SRRGE_HYDRAU_ROUE;;0;0;;
0903;DIAG_INST_HS1;20;ETAT_MODE_SRRGE_AUTO;;0;0;;
0903;DIAG_INST_HS1;20;DEFAUT_FNCT_EASY_MOVE;;0;0;;
0903;DIAG_INST_HS1;20;ACCEL_LONGI_CALIB;;-40.96;40.92;m/s2;
0903;DIAG_INST_HS1;20;ETAT_FNCT_FREIN_STATION_IHM;;0;0;;
0903;DIAG_INST_HS1;20;ALRT_VOY_ROUGE_FSE;;0;0;;
0903;DIAG_INST_HS1;20;REVEIL_AFFICHAGE_FSE;;0;0;;
0903;DIAG_INST_HS1;20;ETAT_BOUTON_FSE;;0;0;;
0903;DIAG_INST_HS1;20;DEFAUT_EPB;;0;0;;
0903;DIAG_INST_HS1;20;CHKSUM_TRME_DYN_EASY_MOVE_ESP;;0;0;;
0903;DIAG_INST_HS1;20;CPT_PROCESS_4B_EASY_MOVE_ESP;;0;15;;
0949;DIAG_INST_HS1;10;ACCEL_LAT;;0;0;m/s2;
0949;DIAG_INST_HS1;10;VITESSE_LACET;;-100;100;Degree/s;
0949;DIAG_INST_HS1;10;INHIB_REDEM_EMOVE;;0;0;;
0949;DIAG_INST_HS1;10;RESERVE_2;;0;0;;
0949;DIAG_INST_HS1;10;CONTACT_FREIN3_HS;;0;0;;
0949;DIAG_INST_HS1;10;CONTACT_FREIN3;;0;0;;
0949;DIAG_INST_HS1;10;SITUATION_MU_SPLIT;;0;0;;
0949;DIAG_INST_HS1;10;PRESSION_MAITRE_CYL;;-55;354.4;bar;
0949;DIAG_INST_HS1;10;FREINAGE_EN_COURS;;0;0;;
0949;DIAG_INST_HS1;10;DDE_RED_TRAINE;;0;0;;
0949;DIAG_INST_HS1;10;CPT_PROCESS_4B_3CD;;0;15;;
0949;DIAG_INST_HS1;10;CHKSUM_TRAME_4B_3CD;;0;0;;
1003;DIAG_INST_HS1;50;RESERVE_64;;0;0;;
1004;DIAG_INST_HS1;50;RESERVE_64;;0;0;;
1019;DIAG_INST_HS1;50;RESERVE_64;;0;0;;
1063;DIAG_INST_HS1;50;RESERVE_64;;0;0;;
1091;DIAG_INST_HS1;40;VITESSE_VEH_ROUES_AV;;0;655.34;km/h;
1091;DIAG_INST_HS1;40;VITESSE_ROUE_ARG;;0;655.34;km/h;
1091;DIAG_INST_HS1;40;VITESSE_ROUE_ARD;;0;655.34;km/h;
1091;DIAG_INST_HS1;40;REGIME_MOYEN_ROUES_AV;;0;2621;rpm;
1093;DIAG_INST_HS1;50;RESERVE_64;;0;0;;
1099;DIAG_INST_HS1;40;BESOIN_NIVEAU_CARB;;0;0;;
1099;DIAG_INST_HS1;40;DMD_PONTAGE_BVA;;0;0;;
1099;DIAG_INST_HS1;40;ETAT_GAP;;0;0;;
1099;DIAG_INST_HS1;40;ETAT_DAMP_CMM;;0;0;;
1099;DIAG_INST_HS1;40;PROTECTION_DEMARREUR;;0;0;;
1099;DIAG_INST_HS1;40;CONTACT_FREIN2_INC;;0;0;;
1099;DIAG_INST_HS1;40;ETAT_DEMARREUR;;0;0;;
1099;DIAG_INST_HS1;40;ETAT_CDT_VHL;;0;0;;
1099;DIAG_INST_HS1;40;ETAT_AUTORISATION_DEM;;0;0;;
1099;DIAG_INST_HS1;40;DEFAUT_CMM;;0;0;;
1099;DIAG_INST_HS1;40;TRANSIT_TURBO_CRS;;0;0;;
1099;DIAG_INST_HS1;40;PRESSION_SURAL;;0;3000;mbar;
1099;DIAG_INST_HS1;40;DMD_ACT_CONS_SEEM;;0;0;;
1099;DIAG_INST_HS1;40;CNS_U_REG_ALTERN;;10.6;16;V;
1099;DIAG_INST_HS1;40;NIV_PROD_GEN;;0;0;;
1099;DIAG_INST_HS1;40;ETAT_PROD;;0;0;;
1099;DIAG_INST_HS1;40;DMD_REL_R3;;0;0;;
1099;DIAG_INST_HS1;40;DMD_REL_R2;;0;0;;
1099;DIAG_INST_HS1;40;DMD_REL_R1;;0;0;;
1099;DIAG_INST_HS1;40;DEFAUT_PROD;;0;0;;
1099;DIAG_INST_HS1;40;ETAT_FEE;;0;0;;
1099;DIAG_INST_HS1;40;AUTOR_CMM_DAE;;0;0;;
1099;DIAG_INST_HS1;40;AUTORISATION_RAMPAGE;;0;0;;
1099;DIAG_INST_HS1;40;CLASS_9_PW_CUT;;0;0;;
1099;DIAG_INST_HS1;40;ELEC_CONSUM_CLASS;;0;0;;
1099;DIAG_INST_HS1;40;IMMINENCE_STOP_MTH;;0;0;;
1099;DIAG_INST_HS1;40;DDE_DELEST_STTA;;0;0;;
1099;DIAG_INST_HS1;40;REQ_LAMPE_DEF_VIDE;;0;0;;
1099;DIAG_INST_HS1;40;DMD_LEST_PROD_EE;;0;0;;
1099;DIAG_INST_HS1;40;LIBRE_1;;0;0;;
1099;DIAG_INST_HS1;40;DELEST_SECU_MOT_NIV1;;0;0;;
1099;DIAG_INST_HS1;40;CLASS_7_PW_CUT;;0;0;;
1099;DIAG_INST_HS1;40;CLASS_8_PW_CUT;;0;0;;
1100;DIAG_INST_HS1;100;RESERVE_64;;0;0;;
1101;DIAG_INST_HS1;60;POS_LEVIER_BV_AFFICH;;0;0;;
1101;DIAG_INST_HS1;60;RAP_BV_ENGAGE_MECA;;0;0;;
1101;DIAG_INST_HS1;60;RAP_CIBLE_BVA;;0;0;;
1101;DIAG_INST_HS1;60;RC01_PERMANENT_SYNTHESE_BV;;0;0;;
1101;DIAG_INST_HS1;60;CHGT_RAP_REFUSE;;0;0;;
1101;DIAG_INST_HS1;60;PROG_BV_SELECT;;0;0;;
1101;DIAG_INST_HS1;60;DEFAUT_ETAT_BV;;0;0;;
1101;DIAG_INST_HS1;60;DMD_ALLUMAGE_MIL_DEFAUTS_BV;;0;0;;
1101;DIAG_INST_HS1;60;DMD_ALLUM_MIL_GUS_BV;;0;0;;
1101;DIAG_INST_HS1;60;DMD_CLIGNO_STOP_SVCE_BV;;0;0;;
1101;DIAG_INST_HS1;60;CMD_RESET_MIL_ON_BV;;0;0;;
1101;DIAG_INST_HS1;60;PERTURB_ALGO_MISS_FIRING;;0;0;;
1101;DIAG_INST_HS1;60;INTERDICTION_DEMA;;0;0;;
1101;DIAG_INST_HS1;60;DETECT_DBLE_APP_PDLE;;0;0;;
1101;DIAG_INST_HS1;60;SHIFT_LOCK_ACTIF;;0;0;;
1101;DIAG_INST_HS1;60;REQ_GMV_BV;;0;0;;
1101;DIAG_INST_HS1;60;TEMP_HUILE_BV;;-40;214;"Degree	C";
1101;DIAG_INST_HS1;60;TAUX_CONV_CPLE_ETENDU;;1;40;;
1101;DIAG_INST_HS1;60;ETAT_BV_DYN;;0;0;;
1101;DIAG_INST_HS1;60;DDE_APPUI_FREIN;;0;0;;
1101;DIAG_INST_HS1;60;MODE_SPORT;;0;0;;
1101;DIAG_INST_HS1;60;IND_SPORT_GMP_ETATS;;0;0;;
1101;DIAG_INST_HS1;60;IND_SPORT_GMP_PRCT;;0;100;;
1101;DIAG_INST_HS1;60;RAP_DDE_COND_AFFICH;;0;0;;
1101;DIAG_INST_HS1;60;CURRENT_GBX_DYN_CAPABILITY;;0;0;;
1101;DIAG_INST_HS1;60;LONG_INIT_EN_COURS;;0;0;;
1101;DIAG_INST_HS1;60;REQ_LAMP_STOP_BV;;0;0;;
1106;DIAG_INST_HS1;1000;RESERVE_64;;0;0;;
1120;DIAG_INST_HS1;100;LIBRE_2;;0;0;;
1120;DIAG_INST_HS1;100;SERVER_INT_DEF_DEL_STATUS_UC_DIRA;;0;0;;
1120;DIAG_INST_HS1;100;CPLE_VOLANT;;-32;31.5;N.m;
1120;DIAG_INST_HS1;100;ETAT_DA;;0;0;;
1120;DIAG_INST_HS1;100;UB_TRQ_LIMIT_STATE;;0;0;;
1120;DIAG_INST_HS1;100;UB_EPS_STATE_LKA;;0;0;;
1120;DIAG_INST_HS1;100;ETAT_DA_DYN;;0;0;;
1120;DIAG_INST_HS1;100;ETAT_DA_2;;0;0;;
1120;DIAG_INST_HS1;100;TRQ_LIMIT_STATE;;0;0;;
1120;DIAG_INST_HS1;100;STEERWHL_HOLD_BY_DRV;;0;0;;
1120;DIAG_INST_HS1;100;EPS_STATE_LKA;;0;0;;
1120;DIAG_INST_HS1;100;AUTOR_ARRET_MOT_DA;;0;0;;
1120;DIAG_INST_HS1;100;INTERD_REDEM_DA;;0;0;;
1120;DIAG_INST_HS1;100;DDE_REDEM_DA;;0;0;;
1120;DIAG_INST_HS1;100;TEMP_HUILE_DA;;-40;214;"Degree	C";
1120;DIAG_INST_HS1;100;CPT_PROCESS_4B_495;;0;15;;
1120;DIAG_INST_HS1;100;CHKSUM_TRAME_4B_495;;0;0;;
1120;DIAG_INST_HS1;100;REDUCE_CURRENT_STEER_STA;;0;0;;
1168;DIAG_REP;0;RESERVE_64;;0;0;;
1171;DIAG_REQ;0;RESERVE_64;;0;0;;
1186;DIAG_INST_HS1;1000;RESERVE_64;;0;0;;
1187;DIAG_INST_HS1;1000;RESERVE_64;;0;0;;
1206;DIAG_INST_HS1;0;RESERVE_64;;0;0;;
1225;DIAG_INST_HS1;1000;RESERVE_64;;0;0;;
1232;DIAG_INST_HS1;1000;RESERVE_64;;0;0;;
1245;DIAG_INST_HS1;100;GBX_PARK_STATE;;0;0;;
1245;DIAG_INST_HS1;100;REQ_CLEAR_DTC_TCU;;0;0;;
1245;DIAG_INST_HS1;100;ASM_MODE;;0;0;;
1245;DIAG_INST_HS1;100;AUTORISATION_FW_BV;;0;0;;
1245;DIAG_INST_HS1;100;ETAT_BV_FREEWHEELING;;0;0;;
1245;DIAG_INST_HS1;100;CHKSUM_TRAME_4B_4E9;;0;0;;
1245;DIAG_INST_HS1;100;CPT_PROCESS_4B_4E9;;0;15;;
1245;DIAG_INST_HS1;100;EAGB_FAILSAFE_STATE;;0;0;;
1245;DIAG_INST_HS1;100;EAGB_DRIVE_STATE;;0;0;;
1245;DIAG_INST_HS1;100;MANUAL_MODE;;0;0;;
1245;DIAG_INST_HS1;100;CURRENT_GBX_DYN_STATE;;0;0;;
1245;DIAG_INST_HS1;100;BV_IMMO_LOCK_STATE;;0;0;;
1245;DIAG_INST_HS1;100;EAGB_WATER_PUMP_FAILURE_STATE;;0;0;;
1245;DIAG_INST_HS1;100;GBX_EMERGENCY_MODE;;0;0;;
1245;DIAG_INST_HS1;100;SSC_FAILURE_STATE;;0;0;;
1245;DIAG_INST_HS1;100;PEM_FAILSAFE_STATE;;0;0;;
1245;DIAG_INST_HS1;100;BV_POSITION;;0;0;;
1245;DIAG_INST_HS1;100;ACTUATOR_STATE;;0;0;;
1251;DIAG_DAT_BSI;500;LIBRE_4;;0;0;;
1251;DIAG_DAT_BSI;500;ETAT_SIG_CONTACT_INSTRUM;;0;0;;
1251;DIAG_DAT_BSI;500;ETAT_CONTACT_DEM_INSTRUM;;0;0;;
1251;DIAG_DAT_BSI;500;DMD_PUSH_DEM_INSTRUM;;0;0;;
1251;DIAG_DAT_BSI;500;DMD_DEM_DIAG_FIL_INSTRUM;;0;0;;
1264;DIAG_INST_HS1;100;RESERVE_64;;0;0;;
1269;DIAG_INST_HS1;100;RESERVE_64;;0;0;;
1285;DIAG_INST_HS1;100;REQ_LAMPE_DEF_ABR;;0;0;;
1285;DIAG_INST_HS1;100;ALRT_LIQU_FREIN;;0;0;;
1285;DIAG_INST_HS1;100;USURE_PLAQ_FREIN;;0;0;;
1285;DIAG_INST_HS1;100;REGUL_REF;;0;0;;
1285;DIAG_INST_HS1;100;FNCT_AAFD_UC_FREIN;;0;0;;
1285;DIAG_INST_HS1;100;REGUL_ABR;;0;0;;
1285;DIAG_INST_HS1;100;DEFAUT_ABR;;0;0;;
1285;DIAG_INST_HS1;100;RESERVE_1;;0;0;;
1285;DIAG_INST_HS1;100;REQ_LAMPE_DEF_REF;;0;0;;
1285;DIAG_INST_HS1;100;CPT_TOP_ARG;;0;0;;
1285;DIAG_INST_HS1;100;DEFAUT_CMPT_TOPS_ARG;;0;0;;
1285;DIAG_INST_HS1;100;CPT_TOP_ARD;;0;0;;
1285;DIAG_INST_HS1;100;DEFAUT_CMPT_TOPS_ARD;;0;0;;
1285;DIAG_INST_HS1;100;TENSION_BATTERIE_UCFREIN;;0;0;V;
1285;DIAG_INST_HS1;100;ESP_DECONNECTE_REQ;;0;0;;
1285;DIAG_INST_HS1;100;REQ_LAMPE_DEF_ASST_FREIN;;0;0;;
1285;DIAG_INST_HS1;100;ETAT_PENTE_STAT;;0;0;;
1285;DIAG_INST_HS1;100;BES_FREIN_STT;;0;0;;
1285;DIAG_INST_HS1;100;DEFAUT_GEE_UCFREIN;;0;0;;
1285;DIAG_INST_HS1;100;FNCT_SFU_UC_FREIN;;0;0;;
1285;DIAG_INST_HS1;100;CHKSUM_TRME_DAT_UC_FREIN;;0;0;;
1285;DIAG_INST_HS1;100;CPT_PROCESS_4B_50D;;0;0;;
1290;DIAG_INST_HS1;100;ETAT_EMB_COMP;;0;0;;
1290;DIAG_INST_HS1;100;AUTOR_ARRET_MOT_HAB;;0;0;;
1290;DIAG_INST_HS1;100;DEF_IDENT_HAB;;0;0;;
1290;DIAG_INST_HS1;100;MINI_GPL;;0;0;;
1290;DIAG_INST_HS1;100;CHKSUM_CONS_RVV_LVV;;0;0;;
1290;DIAG_INST_HS1;100;CNS_CONT_GMV_CLIM;;0;110;%;
1290;DIAG_INST_HS1;100;CONSIGNE_GMV;;0;0;;
1290;DIAG_INST_HS1;100;FORCAGE_ENCL_BOUGIES;;0;0;;
1290;DIAG_INST_HS1;100;NIV_DELESTAGE_SEV;;0;0;;
1290;DIAG_INST_HS1;100;DDE_REDEM_HAB;;0;0;;
1290;DIAG_INST_HS1;100;DDE_REDEM_MOT_HAB;;0;0;;
1290;DIAG_INST_HS1;100;PRES_COND;;0;0;;
1290;DIAG_INST_HS1;100;INTERD_ARRET_HAB;;0;0;;
1290;DIAG_INST_HS1;100;DDE_HABITACLE_SG;;0;0;;
1290;DIAG_INST_HS1;100;PUISS_MECA_CLIM;;0;6350;W;
1290;DIAG_INST_HS1;100;DEM_RAL_HAB;;0;2032;rpm;
1290;DIAG_INST_HS1;100;CONS_LIM_VITESSE_VEH;;0;255;km/h;
1290;DIAG_INST_HS1;100;CPT_TRAME_BSI;;0;15;;
1290;DIAG_INST_HS1;100;DDE_ACTIVATION_LVV;;0;0;;
1290;DIAG_INST_HS1;100;TYPE_REGUL_LONGI;;0;0;;
1290;DIAG_INST_HS1;100;DDE_ACTIVATION_RVV_ACC;;0;0;;
1309;DIAG_INST_HS1;1000;RESERVE_64;;0;0;;
1322;DIAG_INST_HS1;1000;RESERVE_64;;0;0;;
1326;DIAG_INST_HS1;1000;RESERVE_64;;0;0;;
1364;DIAG_REP;0;RESERVE_64;;0;0;;
1370;DIAG_INST_HS1;0;RESERVE_64;;0;0;;
1372;DIAG_INST_HS1;100;RESERVE_64;;0;0;;
1376;DIAG_INST_HS1;100;RESERVE_64;;0;0;;
1389;DIAG_REP;0;RESERVE_64;;0;0;;
1405;DIAG_INST_HS1;100;NIV_HUILE_MOT;;0;750;mV;
1405;DIAG_INST_HS1;100;VOL_ADDITIF_A_AJOUTER;;0;1270;mm3;
1405;DIAG_INST_HS1;100;ALRT_PRESS_HUILE;;0;0;;
1405;DIAG_INST_HS1;100;DMD_NEUTRE_GSI;;0;0;;
1405;DIAG_INST_HS1;100;CDE_PUISS_VVT;;0;0;;
1405;DIAG_INST_HS1;100;ETAT_CMDE_POMPE_EAU;;0;0;;
1405;DIAG_INST_HS1;100;DDE_ALLUM_LED_ROUGE;;0;0;;
1405;DIAG_INST_HS1;100;DDE_ALLUM_LED_ORANGE;;0;0;;
1405;DIAG_INST_HS1;100;IHM_DMD_DEBRAYAGE;;0;0;;
1405;DIAG_INST_HS1;100;IHM_CLIGNO_ECO;;0;0;;
1405;DIAG_INST_HS1;100;PSEUDO_CONSO_CARBURANT;;0;20400;mm3;
1405;DIAG_INST_HS1;100;VALEUR_CHARGE_CALCULEE;;0;100;%;
1405;DIAG_INST_HS1;100;ETAT_FONCTION_STT;;0;0;;
1405;DIAG_INST_HS1;100;PRESSION_ATMO;;685;1120;hPa;
1405;DIAG_INST_HS1;100;DEFAUT_ECM_SFT;;0;0;;
1405;DIAG_INST_HS1;100;MODE_FONC_MOT;;0;0;;
1405;DIAG_INST_HS1;100;AUTOR_PILT_POMPE_ADD;;0;0;;
1405;DIAG_INST_HS1;100;SOC_DMTC;;0;0;;
1405;DIAG_INST_HS1;100;SYNCHRO_STOP_DIFF;;0;0;;
1405;DIAG_INST_HS1;100;ETAT_READ_CODE_CMM;;0;0;;
1405;DIAG_INST_HS1;100;SITUATION_VIE;;0;0;;
1405;DIAG_INST_HS1;100;SENS_CHGMT_RAP;;0;0;;
1405;DIAG_INST_HS1;100;RAP_CIBLE_TRANSMIS;;0;0;;
1406;DIAG_REP;0;RESERVE_64;;0;0;;
1410;DIAG_REQ;0;RESERVE_64;;0;0;;
1412;DIAG_REP;0;RESERVE_64;;0;0;;
1421;DIAG_REP;0;RESERVE_64;;0;0;;
1423;DIAG_REQ;0;RESERVE_64;;0;0;;
1424;DIAG_INST_HS1;100;RESERVE_64;;0;0;;
1427;DIAG_REQ;0;RESERVE_64;;0;0;;
1439;DIAG_INST_HS1;1000;RESERVE_64;;0;0;;
1445;DIAG_REP;0;RESERVE_64;;0;0;;
1447;DIAG_REQ;0;RESERVE_64;;0;0;;
1453;DIAG_INST_HS1;1000;RESERVE_64;;0;0;;
1454;DIAG_REP;0;RESERVE_64;;0;0;;
1455;DIAG_REQ;0;RESERVE_64;;0;0;;
1457;DIAG_INST_HS1;1000;RESERVE_64;;0;0;;
1458;DIAG_REQ;0;RESERVE_64;;0;0;;
1473;DIAG_REP;0;DATA_DIAG;;0;0;;
1475;DIAG_INST_HS1;1000;RESERVE_64;;0;0;;
1478;DIAG_REQ;0;DATA_DIAG;;0;0;;
1485;DIAG_INST_HS1;1000;RESERVE_64;;0;0;;
1486;DIAG_REP;0;RESERVE_64;;0;0;;
1487;DIAG_REQ;0;RESERVE_64;;0;0;;
1500;DIAG_REQ;0;RESERVE_64;;0;0;;
1507;DIAG_INST_HS1;0;RESERVE_64;;0;0;;
1513;DIAG_INST_HS1;1000;RESERVE_64;;0;0;;
1521;DIAG_INST_HS1;0;RESERVE_64;;0;0;;
1525;DIAG_INST_HS1;0;RESERVE_64;;0;0;;
1534;DIAG_LIN2_REP_FAP;0;DATA_DIAG;;0;0;;
1535;DIAG_LIN2_REP_BPL;0;DATA_DIAG;;0;0;;
1538;DIAG_LIN1_REP_TNB;0;DATA_DIAG;;0;0;;
1539;DIAG_LIN2_REP_BECB;0;DATA_DIAG;;0;0;;
1549;DIAG_REP;0;RESERVE_64;;0;0;;
1553;DIAG_INST_HS1;100;RESERVE_64;;0;0;;
1568;DIAG_LIN1_REP_SIR;0;DATA_DIAG;;0;0;;
1571;DIAG_LIN1_REP_MUS;0;DATA_DIAG;;0;0;;
1574;DIAG_LIN2_REP_MEAP;0;DATA_DIAG;;0;0;;
1575;DIAG_REP;0;DATA_DIAG;;0;0;;
1583;DIAG_REQ;0;RESERVE_64;;0;0;;
1595;DIAG_REP;0;DATA_DIAG;;0;0;;
1596;DIAG_REP;0;DATA_DIAG;;0;0;;
1597;DIAG_REP;0;DATA_DIAG;;0;0;;
1601;DIAG_REP;0;DATA_DIAG;;0;0;;
1602;DIAG_REP;0;DATA_DIAG;;0;0;;
1603;DIAG_REP;0;DATA_DIAG;;0;0;;
1604;DIAG_REP;0;DATA_DIAG;;0;0;;
1606;DIAG_REP;0;DATA_DIAG;;0;0;;
1607;DIAG_REP;0;DATA_DIAG;;0;0;;
1608;DIAG_REP;0;DATA_DIAG;;0;0;;
1609;DIAG_REP;0;DATA_DIAG;;0;0;;
1610;DIAG_REP;0;DATA_DIAG;;0;0;;
1611;DIAG_REP;0;DATA_DIAG;;0;0;;
1612;DIAG_REP;0;DATA_DIAG;;0;0;;
1613;DIAG_REP;0;DATA_DIAG;;0;0;;
1615;DIAG_REP;0;DATA_DIAG;;0;0;;
1616;DIAG_REP;0;DATA_DIAG;;0;0;;
1617;DIAG_REP;0;DATA_DIAG;;0;0;;
1618;DIAG_REP;0;DATA_DIAG;;0;0;;
1619;DIAG_REP;0;DATA_DIAG;;0;0;;
1620;DIAG_REP;0;DATA_DIAG;;0;0;;
1621;DIAG_REP;0;DATA_DIAG;;0;0;;
1622;DIAG_REP;0;DATA_DIAG;;0;0;;
1623;DIAG_REP;0;DATA_DIAG;;0;0;;
1624;DIAG_REP;0;DATA_DIAG;;0;0;;
1626;DIAG_REP;0;DATA_DIAG;;0;0;;
1627;DIAG_REP;0;DATA_DIAG;;0;0;;
1628;DIAG_REP;0;DATA_DIAG;;0;0;;
1629;DIAG_REP;0;DATA_DIAG;;0;0;;
1630;DIAG_REP;0;DATA_DIAG;;0;0;;
1631;DIAG_REP;0;DATA_DIAG;;0;0;;
1632;DIAG_REP;0;DATA_DIAG;;0;0;;
1633;DIAG_REP;0;DATA_DIAG;;0;0;;
1634;DIAG_REP;0;DATA_DIAG;;0;0;;
1635;DIAG_REP;0;DATA_DIAG;;0;0;;
1636;DIAG_REP;0;DATA_DIAG;;0;0;;
1637;DIAG_REP;0;DATA_DIAG;;0;0;;
1639;DIAG_REP;0;DATA_DIAG;;0;0;;
1642;DIAG_REP;0;DATA_DIAG;;0;0;;
1643;DIAG_REP;0;DATA_DIAG;;0;0;;
1644;DIAG_REP;0;DATA_DIAG;;0;0;;
1646;DIAG_REP;0;DATA_DIAG;;0;0;;
1647;DIAG_REP;0;DATA_DIAG;;0;0;;
1648;DIAG_REP;0;DATA_DIAG;;0;0;;
1649;DIAG_REP;0;DATA_DIAG;;0;0;;
1650;DIAG_REP;0;DATA_DIAG;;0;0;;
1651;D_REP_DIAG_DEF;0;DATA_DIAG;;0;0;;
1654;DIAG_REP;0;DATA_DIAG;;0;0;;
1658;DIAG_REP;0;DATA_DIAG;;0;0;;
1659;DIAG_REP;0;DATA_DIAG;;0;0;;
1660;DIAG_REP;0;DATA_DIAG;;0;0;;
1661;CAN_DIAG_DIAG_REP;0;DATA_DIAG;;0;0;;
1662;CAN_DIAG_DIAG_REP;0;DATA_DIAG;;0;0;;
1663;DIAG_REP;0;DATA_DIAG;;0;0;;
1664;DIAG_REP;0;RESERVE_64;;0;0;;
1665;CAN_DIAG_REP_DIAG_ON_CAN;0;DATA_DIAG;;0;0;;
1668;DIAG_REP;0;DATA_DIAG;;0;0;;
1669;DIAG_REP;0;RESERVE_64;;0;0;;
1670;DIAG_REP;0;RESERVE_64;;0;0;;
1671;DIAG_REP;0;RESERVE_64;;0;0;;
1672;DIAG_REP;0;RESERVE_64;;0;0;;
1673;DIAG_REP;0;RESERVE_64;;0;0;;
1674;DIAG_REP;0;DATA_DIAG;;0;0;;
1675;DIAG_REP;0;RESERVE_64;;0;0;;
1676;DIAG_REP;0;RESERVE_64;;0;0;;
1677;DIAG_REP;0;DATA_DIAG;;0;0;;
1678;DIAG_REP;0;RESERVE_64;;0;0;;
1679;DIAG_REP;0;RESERVE_64;;0;0;;
1680;DIAG_REP;0;RESERVE_64;;0;0;;
1681;DIAG_REP;0;RESERVE_64;;0;0;;
1682;DIAG_REP;0;RESERVE_64;;0;0;;
1683;DIAG_REP;0;RESERVE_64;;0;0;;
1684;DIAG_REP;0;RESERVE_64;;0;0;;
1686;DIAG_REP;0;RESERVE_64;;0;0;;
1687;DIAG_REP;0;RESERVE_64;;0;0;;
1688;DIAG_REP;0;RESERVE_64;;0;0;;
1689;DIAG_REP;0;RESERVE_64;;0;0;;
1690;DIAG_REP;0;RESERVE_64;;0;0;;
1691;DIAG_REP;0;DATA_DIAG;;0;0;;
1692;DIAG_REP;0;RESERVE_64;;0;0;;
1693;DIAG_REP;0;RESERVE_64;;0;0;;
1695;DIAG_REQ;0;RESERVE_64;;0;0;;
1696;DIAG_REQ;0;RESERVE_64;;0;0;;
1697;CAN_DIAG_REQ_DIAG_ON_CAN;0;DATA_DIAG;;0;0;;
1699;DIAG_REQ;0;RESERVE_64;;0;0;;
1700;DIAG_REQ;0;RESERVE_64;;0;0;;
1701;DIAG_REQ;0;RESERVE_64;;0;0;;
1703;DIAG_REQ;0;RESERVE_64;;0;0;;
1704;DIAG_REQ;0;RESERVE_64;;0;0;;
1705;DIAG_REQ;0;RESERVE_64;;0;0;;
1706;DIAG_REQ;0;RESERVE_64;;0;0;;
1707;DIAG_REQ;0;RESERVE_64;;0;0;;
1708;DIAG_REQ;0;RESERVE_64;;0;0;;
1709;DIAG_REQ;0;RESERVE_64;;0;0;;
1710;DIAG_REQ;0;RESERVE_64;;0;0;;
1711;DIAG_REQ;0;RESERVE_64;;0;0;;
1712;DIAG_REQ;0;RESERVE_64;;0;0;;
1714;DIAG_REQ;0;RESERVE_64;;0;0;;
1715;DIAG_REQ;0;RESERVE_64;;0;0;;
1716;DIAG_REQ;0;RESERVE_64;;0;0;;
1717;DIAG_REQ;0;RESERVE_64;;0;0;;
1718;DIAG_REQ;0;RESERVE_64;;0;0;;
1719;DIAG_REQ;0;RESERVE_64;;0;0;;
1720;DIAG_REQ;0;RESERVE_64;;0;0;;
1721;DIAG_REQ;0;RESERVE_64;;0;0;;
1722;DIAG_REQ;0;RESERVE_64;;0;0;;
1723;DIAG_REQ;0;DATA_DIAG;;0;0;;
1724;DIAG_REQ;0;RESERVE_64;;0;0;;
1725;DIAG_REQ;0;RESERVE_64;;0;0;;
1727;DIAG_LIN2_REQ_FAP;0;DATA_DIAG;;0;0;;
1728;DIAG_LIN2_REQ_BPL;0;DATA_DIAG;;0;0;;
1729;DIAG_LIN1_REQ_TNB;0;DATA_DIAG;;0;0;;
1731;DIAG_LIN2_REQ_BECB;0;DATA_DIAG;;0;0;;
1732;DIAG_REQ;0;DATA_DIAG;;0;0;;
1752;DIAG_LIN1_REQ_SIR;0;DATA_DIAG;;0;0;;
1754;DIAG_LIN1_REQ_MUS;0;DATA_DIAG;;0;0;;
1755;DIAG_LIN2_REQ_MEAP;0;DATA_DIAG;;0;0;;
1764;DIAG_REP;0;DATA_DIAG;;0;0;;
1807;DIAG_REP;0;DATA_DIAG;;0;0;;
1809;DIAG_REP;0;DATA_DIAG;;0;0;;
1810;DIAG_REP;0;DATA_DIAG;;0;0;;
1811;DIAG_REP;0;DATA_DIAG;;0;0;;
1813;DIAG_REP;0;DATA_DIAG;;0;0;;
1814;DIAG_LIN_E_VCU_REP;0;DATA_DIAG;;0;0;;
1815;DIAG_REP;0;DATA_DIAG;;0;0;;
1816;DIAG_REP;0;DATA_DIAG;;0;0;;
1817;DIAG_REP;0;DATA_DIAG;;0;0;;
1819;DIAG_REQ;0;RESERVE_64;;0;0;;
1821;DIAG_REQ;0;RESERVE_64;;0;0;;
1834;DIAG_REQ;0;DATA_DIAG;;0;0;;
1835;DIAG_REQ;0;DATA_DIAG;;0;0;;
1838;DIAG_REQ;0;DATA_DIAG;;0;0;;
1842;DIAG_REQ;0;DATA_DIAG;;0;0;;
1843;DIAG_REQ;0;DATA_DIAG;;0;0;;
1845;DIAG_REQ;0;DATA_DIAG;;0;0;;
1846;DIAG_LIN_E_VCU_REQ;0;DATA_DIAG;;0;0;;
1847;DIAG_REQ;0;DATA_DIAG;;0;0;;
1848;DIAG_REQ;0;DATA_DIAG;;0;0;;
1849;DIAG_REQ;0;DATA_DIAG;;0;0;;
1852;DIAG_REP;0;RESERVE_64;;0;0;;
1853;DIAG_REP;0;DATA_DIAG;;0;0;;
1854;DIAG_REQ;0;DATA_DIAG;;0;0;;
1856;DIAG_REQ;0;DATA_DIAG;;0;0;;
1857;DIAG_REQ;0;DATA_DIAG;;0;0;;
1858;DIAG_REQ;0;DATA_DIAG;;0;0;;
1859;DIAG_REQ;0;DATA_DIAG;;0;0;;
1860;DIAG_REQ;0;DATA_DIAG;;0;0;;
1861;DIAG_REQ;0;DATA_DIAG;;0;0;;
1862;DIAG_REQ;0;DATA_DIAG;;0;0;;
1863;DIAG_REQ;0;DATA_DIAG;;0;0;;
1864;DIAG_REQ;0;DATA_DIAG;;0;0;;
1865;DIAG_REQ;0;DATA_DIAG;;0;0;;
1866;DIAG_REQ;0;DATA_DIAG;;0;0;;
1867;DIAG_REQ;0;DATA_DIAG;;0;0;;
1868;DIAG_REQ;0;DATA_DIAG;;0;0;;
1869;DIAG_REQ;0;DATA_DIAG;;0;0;;
1870;DIAG_REQ;0;DATA_DIAG;;0;0;;
1872;DIAG_REQ;0;DATA_DIAG;;0;0;;
1873;DIAG_REQ;0;DATA_DIAG;;0;0;;
1874;DIAG_REQ;0;DATA_DIAG;;0;0;;
1875;DIAG_REQ;0;DATA_DIAG;;0;0;;
1876;DIAG_REQ;0;DATA_DIAG;;0;0;;
1877;DIAG_REQ;0;DATA_DIAG;;0;0;;
1878;DIAG_REQ;0;DATA_DIAG;;0;0;;
1879;DIAG_REQ;0;DATA_DIAG;;0;0;;
1880;DIAG_REQ;0;DATA_DIAG;;0;0;;
1882;DIAG_REQ;0;DATA_DIAG;;0;0;;
1883;DIAG_REQ;0;DATA_DIAG;;0;0;;
1884;DIAG_REQ;0;DATA_DIAG;;0;0;;
1885;DIAG_REQ;0;DATA_DIAG;;0;0;;
1886;DIAG_REQ;0;DATA_DIAG;;0;0;;
1887;DIAG_REQ;0;DATA_DIAG;;0;0;;
1888;DIAG_REQ;0;DATA_DIAG;;0;0;;
1889;DIAG_REQ;0;DATA_DIAG;;0;0;;
1890;DIAG_REQ;0;DATA_DIAG;;0;0;;
1891;DIAG_REQ;0;DATA_DIAG;;0;0;;
1892;DIAG_REQ;0;DATA_DIAG;;0;0;;
1893;DIAG_REQ;0;DATA_DIAG;;0;0;;
1894;DIAG_INST_HS1;0;RESERVE_64;;0;0;;
1895;DIAG_INST_HS1;0;TYPE_MESSAGE;;0;0;;
1895;DIAG_INST_HS1;0;RELEVANCE_OF_DATE;;0;0;;
1895;DIAG_INST_HS1;0;ETAT_DTC;;0;0;;
1895;DIAG_INST_HS1;0;NUMERO_TRAME;M;-1;;[0|0];
1895;DIAG_INST_HS1;0;NOMBRE_TRAMES;;0;0;;
1895;DIAG_INST_HS1;0;CODES_DEFAUT;m1;0;0;;
1895;DIAG_INST_HS1;0;KILOMETRAGE_JDD;m2;0;16777214;km;
1895;DIAG_INST_HS1;0;DTCFORMATIDENTIFIER;m2;0;0;;
1895;DIAG_INST_HS1;0;REFERENCE_HORAIRE;m1;0;429496729.3;s;
1895;DIAG_INST_HS1;0;ECU_CODE;m2;0;0;"No	Unit";
1895;DIAG_INST_HS1;0;RESERVE_8;m2;0;0;;
1896;DIAG_INST_HS1;0;RESERVE_64;;0;0;;
1897;DIAG_INST_HS1;0;RESERVE_64;;0;0;;
1898;DIAG_REQ;0;DATA_DIAG;;0;0;;
1899;DIAG_REQ;0;DATA_DIAG;;0;0;;
1900;DIAG_REQ;0;DATA_DIAG;;0;0;;
1901;DIAG_REQ;0;DATA_DIAG;;0;0;;
1902;DIAG_REQ;0;DATA_DIAG;;0;0;;
1903;DIAG_REQ;0;DATA_DIAG;;0;0;;
1904;DIAG_REQ;0;DATA_DIAG;;0;0;;
1905;DIAG_REQ;0;DATA_DIAG;;0;0;;
1906;DIAG_REQ;0;DATA_DIAG;;0;0;;
1907;D_REQ_DIAG_DEF;0;DATA_DIAG;;0;0;;
1908;DIAG_INST_HS1;0;RESERVE_64;;0;0;;
1910;DIAG_INST_HS1;0;RESERVE_64;;0;0;;
1911;DIAG_REQ;0;DATA_DIAG;;0;0;;
1912;DIAG_INST_HS1;0;RESERVE_64;;0;0;;
1913;DIAG_REQ;0;DATA_DIAG;;0;0;;
1914;DIAG_REQ;0;DATA_DIAG;;0;0;;
1916;DIAG_REQ;0;DATA_DIAG;;0;0;;
1917;CAN_DIAG_DIAG_REQ;0;DATA_DIAG;;0;0;;
1918;CAN_DIAG_DIAG_REQ;0;DATA_DIAG;;0;0;;
1932;DIAG_INST_HS1;0;RESERVE_64;;0;0;;
1959;DIAG_INST_HS1;0;RESERVE_64;;0;0;;
1960;DIAG_INST_HS1;0;RESERVE_64;;0;0;;
2007;DIAG_REQ_EOBD_ON_CAN;0;DATA_DIAG;;0;0;;
2009;DIAG_REQ_EOBD_ON_CAN;0;DATA_DIAG;;0;0;;
2016;DIAG_REQ_EOBD_ON_CAN;0;DATA_DIAG;;0;0;;
2017;DIAG_REQ_EOBD_ON_CAN;0;DATA_DIAG;;0;0;;
2018;DIAG_REQ_EOBD_ON_CAN;0;DATA_DIAG;;0;0;;
2019;DIAG_REQ_EOBD_ON_CAN;0;DATA_DIAG;;0;0;;
2020;DIAG_REQ_EOBD_ON_CAN;0;DATA_DIAG;;0;0;;
2021;DIAG_REQ_EOBD_ON_CAN;0;DATA_DIAG;;0;0;;
2022;DIAG_REQ_EOBD_ON_CAN;0;DATA_DIAG;;0;0;;
2023;DIAG_REP_EOBD_ON_CAN;0;DATA_DIAG;;0;0;;
2024;DIAG_REP_EOBD_ON_CAN;0;DATA_DIAG;;0;0;;
2025;DIAG_REP_EOBD_ON_CAN;0;DATA_DIAG;;0;0;;
2026;DIAG_REP_EOBD_ON_CAN;0;DATA_DIAG;;0;0;;
2027;DIAG_REP_EOBD_ON_CAN;0;DATA_DIAG;;0;0;;
2028;DIAG_REP_EOBD_ON_CAN;0;DATA_DIAG;;0;0;;
2029;DIAG_REP_EOBD_ON_CAN;0;DATA_DIAG;;0;0;;
2030;DIAG_REP_EOBD_ON_CAN;0;DATA_DIAG;;0;0;;
2031;DIAG_EDR_REQ_EOBD_ON_CAN;0;DATA_DIAG;;0;0;;
2032;DIAG_REQ;0;DATA_DIAG;;0;0;;
2036;DIAG_EDR_REP_EOBD_ON_CAN;0;DATA_DIAG;;0;0;;
2037;DIAG_REP;0;DATA_DIAG;;0;0;;
2040;DIAG_REQ;0;BLOC_UDS;;0;0;;
3000;VECTOR__INDEPENDENT_SIG_MSG;0;ACCEL_LONGI_ROUES;;-14;6.32;m/s2;
3000;VECTOR__INDEPENDENT_SIG_MSG;0;ACPK_CONTROL_REQ;;0;0;;
3000;VECTOR__INDEPENDENT_SIG_MSG;0;ACPK_EPB_COMMAND;;0;0;;
3000;VECTOR__INDEPENDENT_SIG_MSG;0;ACPK_IMMINENT_MANOEUVRE;;0;0;;
3000;VECTOR__INDEPENDENT_SIG_MSG;0;ACPK_REM_DIST_TO_STOP;;0;1023;cm;
3000;VECTOR__INDEPENDENT_SIG_MSG;0;ACPK_VELOCITY_LIMIT;;0;25.5;;
3000;VECTOR__INDEPENDENT_SIG_MSG;0;ACQ_ASR_MSR;;0;0;;
3000;VECTOR__INDEPENDENT_SIG_MSG;0;ACQ_ASR_MSR_AR_HYB;;0;0;;
3000;VECTOR__INDEPENDENT_SIG_MSG;0;ACTUATOR_STATE;;0;0;;
3000;VECTOR__INDEPENDENT_SIG_MSG;0;AC_OUT;;0;0;;
3000;VECTOR__INDEPENDENT_SIG_MSG;0;ALRT_LIQU_FREIN;;0;0;;
3000;VECTOR__INDEPENDENT_SIG_MSG;0;ALRT_PRESS_HUILE;;0;0;;
3000;VECTOR__INDEPENDENT_SIG_MSG;0;ANGLE_COLONNE;;-1630;1630;Degree;
3000;VECTOR__INDEPENDENT_SIG_MSG;0;ASM_MODE;;0;0;;
3000;VECTOR__INDEPENDENT_SIG_MSG;0;ASR_DECONNECTE;;0;0;;
3000;VECTOR__INDEPENDENT_SIG_MSG;0;AUTORISATION_FW_BV;;0;0;;
3000;VECTOR__INDEPENDENT_SIG_MSG;0;AUTOR_ARRET_HILL_STT;;0;0;;
3000;VECTOR__INDEPENDENT_SIG_MSG;0;AUTOR_ARRET_MOT_DA;;0;0;;
3000;VECTOR__INDEPENDENT_SIG_MSG;0;AUTOR_ARRET_MOT_DA;;0;0;;
3000;VECTOR__INDEPENDENT_SIG_MSG;0;AUTOR_ARRET_MOT_HAB;;0;0;;
3000;VECTOR__INDEPENDENT_SIG_MSG;0;AUTOR_PILT_POMPE_ADD;;0;0;;
3000;VECTOR__INDEPENDENT_SIG_MSG;0;BES_FREIN_STT;;0;0;;
3000;VECTOR__INDEPENDENT_SIG_MSG;0;BV_IMMO_LOCK_STATE;;0;0;;
3000;VECTOR__INDEPENDENT_SIG_MSG;0;BV_POSITION;;0;0;;
3000;VECTOR__INDEPENDENT_SIG_MSG;0;CAUSE_DESACTIV_CPK;;0;0;;
3000;VECTOR__INDEPENDENT_SIG_MSG;0;CDE_PUISS_VVT;;0;0;;
3000;VECTOR__INDEPENDENT_SIG_MSG;0;CHGT_RAP_AUTORISE;;0;0;;
3000;VECTOR__INDEPENDENT_SIG_MSG;0;CHGT_RAP_REFUSE;;0;0;;
3000;VECTOR__INDEPENDENT_SIG_MSG;0;CHKSUM_CONS_RVV_LVV;;0;0;;
3000;VECTOR__INDEPENDENT_SIG_MSG;0;CHKSUM_TRAME_4B_348;;0;0;;
3000;VECTOR__INDEPENDENT_SIG_MSG;0;CHKSUM_TRAME_4B_354;;0;0;;
3000;VECTOR__INDEPENDENT_SIG_MSG;0;CHKSUM_TRAME_4B_495;;0;0;;
3000;VECTOR__INDEPENDENT_SIG_MSG;0;CHKSUM_TRAME_4B_495;;0;0;;
3000;VECTOR__INDEPENDENT_SIG_MSG;0;CHKSUM_TRAME_4B_4E9;;0;0;;
3000;VECTOR__INDEPENDENT_SIG_MSG;0;CHKSUM_TRME_DAT_UC_FREIN;;0;0;;
3000;VECTOR__INDEPENDENT_SIG_MSG;0;CHKSUM_TRME_DYN_3AB;;0;0;;
3000;VECTOR__INDEPENDENT_SIG_MSG;0;CHKSUM_TRME_DYN_DAE;;0;0;;
3000;VECTOR__INDEPENDENT_SIG_MSG;0;CHKSUM_TRME_DYN_UC_FREIN;;0;0;;
3000;VECTOR__INDEPENDENT_SIG_MSG;0;CMD_MEAP;;0;0;;
3000;VECTOR__INDEPENDENT_SIG_MSG;0;CMD_RESET_MIL_ON_BV;;0;0;;
3000;VECTOR__INDEPENDENT_SIG_MSG;0;CNS_CONT_GMV_CLIM;;0;110;%;
3000;VECTOR__INDEPENDENT_SIG_MSG;0;CNS_CPLE_DYN_ASR;;-100;400;N.m;
3000;VECTOR__INDEPENDENT_SIG_MSG;0;CNS_CPLE_MSR;;-100;400;N.m;
3000;VECTOR__INDEPENDENT_SIG_MSG;0;CNS_CPLE_STAT_ASR;;-100;400;N.m;
3000;VECTOR__INDEPENDENT_SIG_MSG;0;CONSIGNE_GMV;;0;0;;
3000;VECTOR__INDEPENDENT_SIG_MSG;0;CONS_LIM_VITESSE_VEH;;0;255;km/h;
3000;VECTOR__INDEPENDENT_SIG_MSG;0;CONS_SOUL_PUIS_COMP;;0;0;;
3000;VECTOR__INDEPENDENT_SIG_MSG;0;CONS_SOUL_THERM_COMP;;0;0;;
3000;VECTOR__INDEPENDENT_SIG_MSG;0;CONTACT_FREIN2;;0;0;;
3000;VECTOR__INDEPENDENT_SIG_MSG;0;CONTACT_OBD;;0;0;;
3000;VECTOR__INDEPENDENT_SIG_MSG;0;COUPLE_REEL;;0;0;N.m;
3000;VECTOR__INDEPENDENT_SIG_MSG;0;CPLE_ANTICIPE;;-100;408;N.m;
3000;VECTOR__INDEPENDENT_SIG_MSG;0;CPLE_COND_APR_TRT;;-100;408;N.m;
3000;VECTOR__INDEPENDENT_SIG_MSG;0;CPLE_MT_INCERTAINS;;0;0;;
3000;VECTOR__INDEPENDENT_SIG_MSG;0;CPLE_POT_APR_TRT;;-100;408;N.m;
3000;VECTOR__INDEPENDENT_SIG_MSG;0;CPLE_REEL_HORS_BV;;-100;408;N.m;
3000;VECTOR__INDEPENDENT_SIG_MSG;0;CPLE_VOLANT;;-32;31.5;N.m;
3000;VECTOR__INDEPENDENT_SIG_MSG;0;CPLE_VOLANT;;-32;31.5;N.m;
3000;VECTOR__INDEPENDENT_SIG_MSG;0;CPLE_VOLANT_OPTMSE;;-10;10;N.m;
3000;VECTOR__INDEPENDENT_SIG_MSG;0;CPMT1_CNS_CPLE_MSR;;0;255;"No	Unit";
3000;VECTOR__INDEPENDENT_SIG_MSG;0;CPMT1_CNS_CPLE_STAT_ASR;;0;255;"No	Unit";
3000;VECTOR__INDEPENDENT_SIG_MSG;0;CPT_NBR_REDEM;;0;3276750;;
3000;VECTOR__INDEPENDENT_SIG_MSG;0;CPT_PROCESS_4B_348;;0;15;;
3000;VECTOR__INDEPENDENT_SIG_MSG;0;CPT_PROCESS_4B_354;;0;15;;
3000;VECTOR__INDEPENDENT_SIG_MSG;0;CPT_PROCESS_4B_38D;;0;0;;
3000;VECTOR__INDEPENDENT_SIG_MSG;0;CPT_PROCESS_4B_3AB;;0;15;;
3000;VECTOR__INDEPENDENT_SIG_MSG;0;CPT_PROCESS_4B_495;;0;15;;
3000;VECTOR__INDEPENDENT_SIG_MSG;0;CPT_PROCESS_4B_495;;0;15;;
3000;VECTOR__INDEPENDENT_SIG_MSG;0;CPT_PROCESS_4B_4E9;;0;15;;
3000;VECTOR__INDEPENDENT_SIG_MSG;0;CPT_PROCESS_4B_50D;;0;0;;
3000;VECTOR__INDEPENDENT_SIG_MSG;0;CPT_PROCESS_4B_DAE;;0;15;;
3000;VECTOR__INDEPENDENT_SIG_MSG;0;CPT_PROCESS_4B_ESP;;0;15;;
3000;VECTOR__INDEPENDENT_SIG_MSG;0;CPT_TOP_ARD;;0;0;;
3000;VECTOR__INDEPENDENT_SIG_MSG;0;CPT_TOP_ARG;;0;0;;
3000;VECTOR__INDEPENDENT_SIG_MSG;0;CPT_TRAME_BSI;;0;15;;
3000;VECTOR__INDEPENDENT_SIG_MSG;0;CURRENT_GBX_DYN_CAPABILITY;;0;0;;
3000;VECTOR__INDEPENDENT_SIG_MSG;0;CURRENT_GBX_DYN_STATE;;0;0;;
3000;VECTOR__INDEPENDENT_SIG_MSG;0;DATA_DIAG;;0;0;;
3000;VECTOR__INDEPENDENT_SIG_MSG;0;DATA_DIAG;;0;0;;
3000;VECTOR__INDEPENDENT_SIG_MSG;0;DDE_ACTIVATION_LVV;;0;0;;
3000;VECTOR__INDEPENDENT_SIG_MSG;0;DDE_ACTIVATION_RVV_ACC;;0;0;;
3000;VECTOR__INDEPENDENT_SIG_MSG;0;DDE_ALLUM_LED_ORANGE;;0;0;;
3000;VECTOR__INDEPENDENT_SIG_MSG;0;DDE_ALLUM_LED_ROUGE;;0;0;;
3000;VECTOR__INDEPENDENT_SIG_MSG;0;DDE_APPUI_FREIN;;0;0;;
3000;VECTOR__INDEPENDENT_SIG_MSG;0;DDE_BOOST_SCR_DEGEL;;0;0;;
3000;VECTOR__INDEPENDENT_SIG_MSG;0;DDE_BOOST_SCR_INJ;;0;0;;
3000;VECTOR__INDEPENDENT_SIG_MSG;0;DDE_HABITACLE_SG;;0;0;;
3000;VECTOR__INDEPENDENT_SIG_MSG;0;DDE_LOI_BV_VDC;;0;0;;
3000;VECTOR__INDEPENDENT_SIG_MSG;0;DDE_REDEM_DA;;0;0;;
3000;VECTOR__INDEPENDENT_SIG_MSG;0;DDE_REDEM_DA;;0;0;;
3000;VECTOR__INDEPENDENT_SIG_MSG;0;DDE_REDEM_HAB;;0;0;;
3000;VECTOR__INDEPENDENT_SIG_MSG;0;DDE_REDEM_MOT_HAB;;0;0;;
3000;VECTOR__INDEPENDENT_SIG_MSG;0;DDE_TENS_MIN_GMV;;0;0;;
3000;VECTOR__INDEPENDENT_SIG_MSG;0;DEFAUT_ABR;;0;0;;
3000;VECTOR__INDEPENDENT_SIG_MSG;0;DEFAUT_CMM;;0;0;;
3000;VECTOR__INDEPENDENT_SIG_MSG;0;DEFAUT_CMPT_TOPS_ARD;;0;0;;
3000;VECTOR__INDEPENDENT_SIG_MSG;0;DEFAUT_CMPT_TOPS_ARG;;0;0;;
3000;VECTOR__INDEPENDENT_SIG_MSG;0;DEFAUT_ECM_SFT;;0;0;;
3000;VECTOR__INDEPENDENT_SIG_MSG;0;DEFAUT_ETAT_BV;;0;0;;
3000;VECTOR__INDEPENDENT_SIG_MSG;0;DEFAUT_GEE_UCFREIN;;0;0;;
3000;VECTOR__INDEPENDENT_SIG_MSG;0;DEF_IDENT_HAB;;0;0;;
3000;VECTOR__INDEPENDENT_SIG_MSG;0;DEM_RAL_HAB;;0;2032;rpm;
3000;VECTOR__INDEPENDENT_SIG_MSG;0;DETECT_DBLE_APP_PDLE;;0;0;;
3000;VECTOR__INDEPENDENT_SIG_MSG;0;DIAG_MUX_ON_PWT;;0;0;;
3000;VECTOR__INDEPENDENT_SIG_MSG;0;DISTANCE_ROUES;;0;0;m;
3000;VECTOR__INDEPENDENT_SIG_MSG;0;DMD_ALLUMAGE_MIL_DEFAUTS_BV;;0;0;;
3000;VECTOR__INDEPENDENT_SIG_MSG;0;DMD_ALLUM_MIL_GUS_BV;;0;0;;
3000;VECTOR__INDEPENDENT_SIG_MSG;0;DMD_CLIGNO_STOP_SVCE_BV;;0;0;;
3000;VECTOR__INDEPENDENT_SIG_MSG;0;DMD_NEUTRE_GSI;;0;0;;
3000;VECTOR__INDEPENDENT_SIG_MSG;0;EAGB_DRIVE_STATE;;0;0;;
3000;VECTOR__INDEPENDENT_SIG_MSG;0;EAGB_FAILSAFE_STATE;;0;0;;
3000;VECTOR__INDEPENDENT_SIG_MSG;0;EAGB_WATER_PUMP_FAILURE_STATE;;0;0;;
3000;VECTOR__INDEPENDENT_SIG_MSG;0;EPS_STATE_LKA;;0;0;;
3000;VECTOR__INDEPENDENT_SIG_MSG;0;EPS_STATE_LKA;;0;0;;
3000;VECTOR__INDEPENDENT_SIG_MSG;0;ESP_DECONNECTE;;0;0;;
3000;VECTOR__INDEPENDENT_SIG_MSG;0;ESP_DECONNECTE_REQ;;0;0;;
3000;VECTOR__INDEPENDENT_SIG_MSG;0;ETAT_ASR_PLUS;;0;0;;
3000;VECTOR__INDEPENDENT_SIG_MSG;0;ETAT_BV_DYN;;0;0;;
3000;VECTOR__INDEPENDENT_SIG_MSG;0;ETAT_BV_FREEWHEELING;;0;0;;
3000;VECTOR__INDEPENDENT_SIG_MSG;0;ETAT_CMDE_POMPE_EAU;;0;0;;
3000;VECTOR__INDEPENDENT_SIG_MSG;0;ETAT_CONS_APPL_GMV;;0;110;%;
3000;VECTOR__INDEPENDENT_SIG_MSG;0;ETAT_DA;;0;0;;
3000;VECTOR__INDEPENDENT_SIG_MSG;0;ETAT_DA;;0;0;;
3000;VECTOR__INDEPENDENT_SIG_MSG;0;ETAT_DAE_CPK;;0;0;;
3000;VECTOR__INDEPENDENT_SIG_MSG;0;ETAT_DA_2;;0;0;;
3000;VECTOR__INDEPENDENT_SIG_MSG;0;ETAT_DA_2;;0;0;;
3000;VECTOR__INDEPENDENT_SIG_MSG;0;ETAT_DA_DYN;;0;0;;
3000;VECTOR__INDEPENDENT_SIG_MSG;0;ETAT_DA_DYN;;0;0;;
3000;VECTOR__INDEPENDENT_SIG_MSG;0;ETAT_DEBIT_AERO;;0;0;;
3000;VECTOR__INDEPENDENT_SIG_MSG;0;ETAT_EMB_COMP;;0;0;;
3000;VECTOR__INDEPENDENT_SIG_MSG;0;ETAT_FNCT_HILL_ASSIST;;0;0;;
3000;VECTOR__INDEPENDENT_SIG_MSG;0;ETAT_FONCTION_STT;;0;0;;
3000;VECTOR__INDEPENDENT_SIG_MSG;0;ETAT_MT;;0;0;;
3000;VECTOR__INDEPENDENT_SIG_MSG;0;ETAT_PENTE_STAT;;0;0;;
3000;VECTOR__INDEPENDENT_SIG_MSG;0;ETAT_READ_CODE_CMM;;0;0;;
3000;VECTOR__INDEPENDENT_SIG_MSG;0;ETAT_REALISATION_WUC;;0;0;;
3000;VECTOR__INDEPENDENT_SIG_MSG;0;ETAT_RVV_LVV;;0;0;;
3000;VECTOR__INDEPENDENT_SIG_MSG;0;ETAT_SECU_ANGLE_COL;;0;0;;
3000;VECTOR__INDEPENDENT_SIG_MSG;0;FA_ETAT_DECEL;;0;0;;
3000;VECTOR__INDEPENDENT_SIG_MSG;0;FIGEAGE_PERTURB_CPLE;;0;0;;
3000;VECTOR__INDEPENDENT_SIG_MSG;0;FNCT_AAFD_UC_FREIN;;0;0;;
3000;VECTOR__INDEPENDENT_SIG_MSG;0;FNCT_SFU_UC_FREIN;;0;0;;
3000;VECTOR__INDEPENDENT_SIG_MSG;0;FORCAGE_ENCL_BOUGIES;;0;0;;
3000;VECTOR__INDEPENDENT_SIG_MSG;0;GBX_EMERGENCY_MODE;;0;0;;
3000;VECTOR__INDEPENDENT_SIG_MSG;0;GBX_PARK_STATE;;0;0;;
3000;VECTOR__INDEPENDENT_SIG_MSG;0;HADC_CLUTCH_CONDITION;;0;0;;
3000;VECTOR__INDEPENDENT_SIG_MSG;0;HADC_FAULTY;;0;0;;
3000;VECTOR__INDEPENDENT_SIG_MSG;0;HADC_SPEED_CONDITION;;0;0;;
3000;VECTOR__INDEPENDENT_SIG_MSG;0;HADC_STATUS;;0;0;;
3000;VECTOR__INDEPENDENT_SIG_MSG;0;HV_BATT_COP_CURRENT;;-400;400;A;
3000;VECTOR__INDEPENDENT_SIG_MSG;0;HV_BATT_COP_VOLTAGE;;0;500;V;
3000;VECTOR__INDEPENDENT_SIG_MSG;0;IHM_CLIGNO_ECO;;0;0;;
3000;VECTOR__INDEPENDENT_SIG_MSG;0;IHM_DMD_DEBRAYAGE;;0;0;;
3000;VECTOR__INDEPENDENT_SIG_MSG;0;IND_SPORT_GMP_ETATS;;0;0;;
3000;VECTOR__INDEPENDENT_SIG_MSG;0;IND_SPORT_GMP_PRCT;;0;100;;
3000;VECTOR__INDEPENDENT_SIG_MSG;0;INTERDICTION_DEMA;;0;0;;
3000;VECTOR__INDEPENDENT_SIG_MSG;0;INTERD_ARRET_HAB;;0;0;;
3000;VECTOR__INDEPENDENT_SIG_MSG;0;INTERD_REDEM_DA;;0;0;;
3000;VECTOR__INDEPENDENT_SIG_MSG;0;INTERD_REDEM_DA;;0;0;;
3000;VECTOR__INDEPENDENT_SIG_MSG;0;K_U_SEEM;;0;9;mV/A;
3000;VECTOR__INDEPENDENT_SIG_MSG;0;LIBRE_2;;0;0;;
3000;VECTOR__INDEPENDENT_SIG_MSG;0;LIBRE_3;;0;0;;
3000;VECTOR__INDEPENDENT_SIG_MSG;0;LIBRE_3;;0;0;;
3000;VECTOR__INDEPENDENT_SIG_MSG;0;LIBRE_4;;0;0;;
3000;VECTOR__INDEPENDENT_SIG_MSG;0;LONG_INIT_EN_COURS;;0;0;;
3000;VECTOR__INDEPENDENT_SIG_MSG;0;MANUAL_MODE;;0;0;;
3000;VECTOR__INDEPENDENT_SIG_MSG;0;MINI_GPL;;0;0;;
3000;VECTOR__INDEPENDENT_SIG_MSG;0;MODE_FONC_MOT;;0;0;;
3000;VECTOR__INDEPENDENT_SIG_MSG;0;MODE_SPORT;;0;0;;
3000;VECTOR__INDEPENDENT_SIG_MSG;0;NIV_DELESTAGE_SEV;;0;0;;
3000;VECTOR__INDEPENDENT_SIG_MSG;0;NIV_HUILE_MOT;;0;750;mV;
3000;VECTOR__INDEPENDENT_SIG_MSG;0;PEM_FAILSAFE_STATE;;0;0;;
3000;VECTOR__INDEPENDENT_SIG_MSG;0;PENTE_STATIQUE;;-30;30;%;
3000;VECTOR__INDEPENDENT_SIG_MSG;0;PERMANENT_CLEAR;;0;0;;
3000;VECTOR__INDEPENDENT_SIG_MSG;0;PERTURB_ALGO_MISS_FIRING;;0;0;;
3000;VECTOR__INDEPENDENT_SIG_MSG;0;POS_LEVIER_BV_AFFICH;;0;0;;
3000;VECTOR__INDEPENDENT_SIG_MSG;0;POS_MEAP_SOFT;;0;0;;
3000;VECTOR__INDEPENDENT_SIG_MSG;0;PREFILL_EN_COURS;;0;0;;
3000;VECTOR__INDEPENDENT_SIG_MSG;0;PREPA_AR_EN_COURS;;0;0;;
3000;VECTOR__INDEPENDENT_SIG_MSG;0;PRESSION_ATMO;;685;1120;hPa;
3000;VECTOR__INDEPENDENT_SIG_MSG;0;PRESSION_REFRI_2;;110;2904;kPa;
3000;VECTOR__INDEPENDENT_SIG_MSG;0;PRES_COND;;0;0;;
3000;VECTOR__INDEPENDENT_SIG_MSG;0;PRES_DEF_OBD_SIGNALE_SUR_MIL;;0;0;;
3000;VECTOR__INDEPENDENT_SIG_MSG;0;PROG_BV_SELECT;;0;0;;
3000;VECTOR__INDEPENDENT_SIG_MSG;0;PSEUDO_CONSO_CARBURANT;;0;20400;mm3;
3000;VECTOR__INDEPENDENT_SIG_MSG;0;PUISS_MECA_CLIM;;0;6350;W;
3000;VECTOR__INDEPENDENT_SIG_MSG;0;RAP_BV_ENGAGE_MECA;;0;0;;
3000;VECTOR__INDEPENDENT_SIG_MSG;0;RAP_CIBLE_BVA;;0;0;;
3000;VECTOR__INDEPENDENT_SIG_MSG;0;RAP_CIBLE_TRANSMIS;;0;0;;
3000;VECTOR__INDEPENDENT_SIG_MSG;0;RAP_DDE_COND_AFFICH;;0;0;;
3000;VECTOR__INDEPENDENT_SIG_MSG;0;RC01_PERMANENT_SYNTHESE_BV;;0;0;;
3000;VECTOR__INDEPENDENT_SIG_MSG;0;REDUCE_CURRENT_STEER_STA;;0;0;;
3000;VECTOR__INDEPENDENT_SIG_MSG;0;REDUCE_CURRENT_STEER_STA;;0;0;;
3000;VECTOR__INDEPENDENT_SIG_MSG;0;REGIME_MOTEUR;;0;0;rpm;
3000;VECTOR__INDEPENDENT_SIG_MSG;0;REGUL_ABR;;0;0;;
3000;VECTOR__INDEPENDENT_SIG_MSG;0;REGUL_AFU;;0;0;;
3000;VECTOR__INDEPENDENT_SIG_MSG;0;REGUL_ASR;;0;0;;
3000;VECTOR__INDEPENDENT_SIG_MSG;0;REGUL_BASR;;0;0;;
3000;VECTOR__INDEPENDENT_SIG_MSG;0;REGUL_ESP;;0;0;;
3000;VECTOR__INDEPENDENT_SIG_MSG;0;REGUL_ESP_SEUL;;0;0;;
3000;VECTOR__INDEPENDENT_SIG_MSG;0;REGUL_MSR;;0;0;;
3000;VECTOR__INDEPENDENT_SIG_MSG;0;REGUL_REF;;0;0;;
3000;VECTOR__INDEPENDENT_SIG_MSG;0;REQ_CHARGE_MOT;;0;0;;
3000;VECTOR__INDEPENDENT_SIG_MSG;0;REQ_CHARGE_MOT;;0;0;;
3000;VECTOR__INDEPENDENT_SIG_MSG;0;REQ_CLEAR_DTC_TCU;;0;0;;
3000;VECTOR__INDEPENDENT_SIG_MSG;0;REQ_GMV_BV;;0;0;;
3000;VECTOR__INDEPENDENT_SIG_MSG;0;REQ_LAMPE_DEF_ABR;;0;0;;
3000;VECTOR__INDEPENDENT_SIG_MSG;0;REQ_LAMPE_DEF_ASST_FREIN;;0;0;;
3000;VECTOR__INDEPENDENT_SIG_MSG;0;REQ_LAMPE_DEF_ESP;;0;0;;
3000;VECTOR__INDEPENDENT_SIG_MSG;0;REQ_LAMPE_DEF_REF;;0;0;;
3000;VECTOR__INDEPENDENT_SIG_MSG;0;REQ_LAMPE_REGUL_ASR_ESP;;0;0;;
3000;VECTOR__INDEPENDENT_SIG_MSG;0;REQ_LAMPE_WARNING;;0;0;;
3000;VECTOR__INDEPENDENT_SIG_MSG;0;REQ_LAMP_STOP_BV;;0;0;;
3000;VECTOR__INDEPENDENT_SIG_MSG;0;REQ_MIL_CLNGNT;;0;0;;
3000;VECTOR__INDEPENDENT_SIG_MSG;0;REQ_MIL_FIXE;;0;0;;
3000;VECTOR__INDEPENDENT_SIG_MSG;0;RESERVE_1;;0;0;;
3000;VECTOR__INDEPENDENT_SIG_MSG;0;RESERVE_1;;0;0;;
3000;VECTOR__INDEPENDENT_SIG_MSG;0;RESERVE_1;;0;0;;
3000;VECTOR__INDEPENDENT_SIG_MSG;0;RESERVE_64;;0;0;;
3000;VECTOR__INDEPENDENT_SIG_MSG;0;RESERVE_64;;0;0;;
3000;VECTOR__INDEPENDENT_SIG_MSG;0;RESERVE_64;;0;0;;
3000;VECTOR__INDEPENDENT_SIG_MSG;0;RESERVE_64;;0;0;;
3000;VECTOR__INDEPENDENT_SIG_MSG;0;RESERVE_64;;0;0;;
3000;VECTOR__INDEPENDENT_SIG_MSG;0;RESERVE_64;;0;0;;
3000;VECTOR__INDEPENDENT_SIG_MSG;0;SENS_CHGMT_RAP;;0;0;;
3000;VECTOR__INDEPENDENT_SIG_MSG;0;SENS_ROULAGE;;0;0;;
3000;VECTOR__INDEPENDENT_SIG_MSG;0;SERVER_INT_DEF_DEL_STATUS_UC_DIRA;;0;0;;
3000;VECTOR__INDEPENDENT_SIG_MSG;0;SERVER_INT_DEF_DEL_STATUS_UC_DIRA;;0;0;;
3000;VECTOR__INDEPENDENT_SIG_MSG;0;SHIFT_LOCK_ACTIF;;0;0;;
3000;VECTOR__INDEPENDENT_SIG_MSG;0;SITUATION_VIE;;0;0;;
3000;VECTOR__INDEPENDENT_SIG_MSG;0;SOC_DMTC;;0;0;;
3000;VECTOR__INDEPENDENT_SIG_MSG;0;SSC_FAILURE_STATE;;0;0;;
3000;VECTOR__INDEPENDENT_SIG_MSG;0;SSP_DAE_DEF;;0;0;;
3000;VECTOR__INDEPENDENT_SIG_MSG;0;STEERWHL_HOLD_BY_DRV;;0;0;;
3000;VECTOR__INDEPENDENT_SIG_MSG;0;STEERWHL_HOLD_BY_DRV;;0;0;;
3000;VECTOR__INDEPENDENT_SIG_MSG;0;SYNCHRO_DC_GLOBAL;;0;0;;
3000;VECTOR__INDEPENDENT_SIG_MSG;0;SYNCHRO_STOP_DIFF;;0;0;;
3000;VECTOR__INDEPENDENT_SIG_MSG;0;TAUX_CONV_CPLE_ETENDU;;1;40;;
3000;VECTOR__INDEPENDENT_SIG_MSG;0;TEMP_CARB;;-40;214;"Degree	C";
3000;VECTOR__INDEPENDENT_SIG_MSG;0;TEMP_HUILE_BV;;-40;214;"Degree	C";
3000;VECTOR__INDEPENDENT_SIG_MSG;0;TEMP_HUILE_DA;;-40;214;"Degree	C";
3000;VECTOR__INDEPENDENT_SIG_MSG;0;TEMP_HUILE_DA;;-40;214;"Degree	C";
3000;VECTOR__INDEPENDENT_SIG_MSG;0;TEMP_REGUL_EAU_MOT;;-40;214;"Degree	C";
3000;VECTOR__INDEPENDENT_SIG_MSG;0;TENSION_BATTERIE_UCFREIN;;0;0;V;
3000;VECTOR__INDEPENDENT_SIG_MSG;0;THERM_AC_CUTOFF_REQ;;0;0;;
3000;VECTOR__INDEPENDENT_SIG_MSG;0;TRQ_LIMIT_STATE;;0;0;;
3000;VECTOR__INDEPENDENT_SIG_MSG;0;TRQ_LIMIT_STATE;;0;0;;
3000;VECTOR__INDEPENDENT_SIG_MSG;0;TYPAGE_U_SEEM;;0;0;;
3000;VECTOR__INDEPENDENT_SIG_MSG;0;TYPE_PIL_CPLE_ESP;;0;0;;
3000;VECTOR__INDEPENDENT_SIG_MSG;0;TYPE_REGUL_LONGI;;0;0;;
3000;VECTOR__INDEPENDENT_SIG_MSG;0;T_CLUTCH_WARN_REQ;;0;0;;
3000;VECTOR__INDEPENDENT_SIG_MSG;0;UB_EPS_STATE_LKA;;0;0;;
3000;VECTOR__INDEPENDENT_SIG_MSG;0;UB_EPS_STATE_LKA;;0;0;;
3000;VECTOR__INDEPENDENT_SIG_MSG;0;UB_TRQ_LIMIT_STATE;;0;0;;
3000;VECTOR__INDEPENDENT_SIG_MSG;0;UB_TRQ_LIMIT_STATE;;0;0;;
3000;VECTOR__INDEPENDENT_SIG_MSG;0;USURE_PLAQ_FREIN;;0;0;;
3000;VECTOR__INDEPENDENT_SIG_MSG;0;U_SEEM_REF;;5;16;V;
3000;VECTOR__INDEPENDENT_SIG_MSG;0;VALEUR_CHARGE_CALCULEE;;0;100;%;
3000;VECTOR__INDEPENDENT_SIG_MSG;0;VHL_MVT;;0;0;;
3000;VECTOR__INDEPENDENT_SIG_MSG;0;VIRTUAL_SWS3_EPS_STATE;;0;0;;
3000;VECTOR__INDEPENDENT_SIG_MSG;0;VITESSE_COLONNE;;-2000;2000;Degree/s;
3000;VECTOR__INDEPENDENT_SIG_MSG;0;VITESSE_VEHICULE_ROUES;;0;0;km/h;
3000;VECTOR__INDEPENDENT_SIG_MSG;0;VOLONTE_COND;;0;0;%;
3000;VECTOR__INDEPENDENT_SIG_MSG;0;VOL_ADDITIF_A_AJOUTER;;0;1270;mm3;
3000;VECTOR__INDEPENDENT_SIG_MSG;0;VVH_INDISP;;0;0;;
